{
  "line": 0.1805157593123209,
  "branch": 0.1111111111111111,
  "run_id": "20260129_032333"
}