{
  "line": 0.22922636103151864,
  "branch": 0.16666666666666666,
  "run_id": "20260129_031531"
}